1,3.91880905278146,3.91927435368532,3.92068621044261,3.92303791136307,3.92636759568047,3.93059256668821,3.96636147071483,4.03083753250643,4.12377623162204,4.26739758119928,4.41353473108437,4.73620182163073,5.30164828494322,5.56290275144794,5.88934120813319,6.63280126111546,7.91066976132788,9.14835891114707,9.45988611937987,8.64307790343098,7.53872794550803,6.82779358091188,6.16849427352907
10,3.91880905278146,3.91927435368532,3.92068621044261,3.92304195151004,3.92634706130862,3.9306085710844,3.96664049301004,4.02883956069395,4.12073268021352,4.24795712603396,4.41935083552777,4.64989918169059,4.95019639577815,5.37068976731035,6.02164427828251,6.82177532624679,8.07733356453649,10.0391876220011,10.2115408867958,9.0962984994649,7.93518317716853,6.92835623308505,6.16849427352907
20,3.91880905278146,3.91927435368532,3.92068621044261,3.92304195151004,3.92634706130862,3.9306085710844,3.96664049301004,4.02883968923765,4.12073267925319,4.24795445273682,4.41917976055826,4.64782683811188,4.95358357601957,5.37919210547877,5.9744210947255,6.8481974846007,8.19230343959342,9.98707291805862,11.4561308605453,9.29915689186969,7.97798244202509,7.02694795243356,6.16849427352907
30,3.91880905278146,3.91927435368532,3.92068621044261,3.92304195151004,3.92634706130862,3.9306085710844,3.96664049301004,4.02883972538222,4.12073267925319,4.24795445273682,4.41917976055826,4.6477917777523,4.95492304657607,5.3753534467781,5.96881683121944,6.84492349585003,8.23631140270168,10.8816631254998,11.6683877653525,9.587683959634,8.10911196350549,7.02590479646494,6.16849427352907
40,3.91880905278146,3.91927435368532,3.92068621044261,3.92304195151004,3.92634706130862,3.9306085710844,3.96664057265431,4.02883953310278,4.12073267925319,4.24795445273682,4.41917976055826,4.6477917777523,4.95493411452033,5.375476612488,5.97083756259346,6.85528944792796,8.27320102929939,10.6842963840807,12.0783484362375,10.1279257511934,8.36999387972711,7.12717293859945,6.16849427352907
50,3.91880905278146,3.91927435368532,3.92068621044261,3.92304195151004,3.92634706130862,3.9306085710844,3.96664028913777,4.02883992621511,4.12073267925319,4.24795445273682,4.41917976055826,4.6477917777523,4.95492695317909,5.37540656113099,5.97018579333291,6.85688246302848,8.27791587406914,10.8605581672795,12.6433836209249,10.163299684391,8.57149446665446,7.19037510901672,6.16849427352907
100,3.91880905278146,3.91927435368532,3.92068621044261,3.92304195151004,3.92634706130862,3.9306085710844,3.96664028913777,4.02883973393568,4.12073267925319,4.24795445273682,4.41917976055826,4.6477917777523,4.95492664209812,5.37540073716085,5.97048416258433,6.85697124577101,8.28730251484321,10.9163803338307,12.6623570419452,10.3111580727337,8.60083463484481,7.21055688582485,6.16849427352907
150,3.91880905278146,3.91927435368532,3.92068621044261,3.92304195151004,3.92634706130862,3.9306085710844,3.96664028913777,4.02883954165616,4.12073267925319,4.24795445273682,4.41917976055826,4.6477917777523,4.95492664209812,5.37539706135988,5.97038691211674,6.85704389647756,8.28818739756425,10.899074679051,12.7137646293394,10.520198191426,8.64465339876859,7.27405805364534,6.16849427352907
200,3.91880905278146,3.91927435368532,3.92068621044261,3.92304195151004,3.92634706130862,3.9306085710844,3.96664028913777,4.02883993476865,4.12073267925319,4.24795445273682,4.41917976055826,4.6477917777523,4.95492664209812,5.37539705848081,5.97040383968619,6.85712392242554,8.28915843559969,10.9374844507015,12.8484561814849,10.5758739268599,8.74789327838804,7.29356485233356,6.16849427352907
250,3.91880905278146,3.91927435368532,3.92068621044261,3.92304195151004,3.92634706130862,3.9306085710844,3.96664028913777,4.02883974248914,4.12073267925319,4.24795445273682,4.41917976055826,4.6477917777523,4.95492664209812,5.37539705848081,5.97039915931188,6.85708415003143,8.29017902807717,10.9357375075771,12.8626771781292,10.5926215994465,8.77956043457448,7.32074463771557,6.16849427352907
300,3.91880905278146,3.91927435368532,3.92068621044261,3.92304195151004,3.92634706130862,3.9306085710844,3.9666405199929,4.02883981477831,4.12073267925319,4.24795445273682,4.41917976055826,4.6477917777523,4.95492664209812,5.37539705848081,5.9703997295704,6.85708878213756,8.2905028551696,10.9385723608702,12.8763397757611,10.6312667835369,8.79885465074049,7.35414007785361,6.16849427352907
350,3.91880905278146,3.91927435368532,3.92068621044261,3.92304195151004,3.92634706130862,3.9306085710844,3.96664060057447,4.02883962249873,4.12073239162306,4.24795445273682,4.41917976055826,4.6477917777523,4.95492664209812,5.37539705848081,5.97039983264564,6.85708131618143,8.29057051694325,10.9435946152638,12.9082197159132,10.6640780263268,8.83082284915058,7.35646312513911,6.16849427352907
400,3.91880905278146,3.91927435368532,3.92068621044261,3.92304195151004,3.92634706130862,3.9306085710844,3.96664060057447,4.02884001561147,4.12073239162306,4.24795445273682,4.41917976055826,4.6477917777523,4.95492664209812,5.37539705704127,5.97039983264564,6.8570765127481,8.29062516313504,10.9423129230413,12.9112654035897,10.6771518350108,8.86221593808154,7.36001018263589,6.16849427352907
450,3.91880905278146,3.91927435368532,3.92068621044261,3.92304195151004,3.92634706130862,3.9306085710844,3.9666403161206,4.02883982333181,4.12073239162306,4.24795445273682,4.41917976055826,4.6477917777523,4.95492664209812,5.37539665037835,5.97039983264564,6.85707376828874,8.29063500684962,10.9434457517132,12.914633760929,10.6939822730517,8.87833632256607,7.38960046247001,6.16849427352907
500,3.91880905278146,3.91927435368532,3.92068621044261,3.92304195151004,3.92634706130862,3.9306085710844,3.9666403161206,4.02883989562108,4.12073239162306,4.24795445273682,4.41917976055826,4.6477917777523,4.95492664209812,5.37539664893881,5.97039983264564,6.85707239480023,8.29065078380541,10.9437598410257,12.9220875092446,10.7010977641445,8.88299482227828,7.39427184805399,6.16849427352907
550,3.91880905278146,3.91927435368532,3.92068621044261,3.92304195151004,3.92634706130862,3.9306085710844,3.9666403161206,4.0288397033414,4.12073239162306,4.24795445273682,4.41917976055826,4.64779177616484,4.95492664209812,5.37539624083638,5.97039983264564,6.85707170679712,8.29065424651556,10.9436191863037,12.9236716478772,10.7026090985143,8.8904557526716,7.4042521184991,6.16849427352907
600,3.91880905278146,3.91927435368532,3.92068621044261,3.92304195151004,3.92634706130862,3.9306085710844,3.9666403161206,4.02883986802998,4.12073239162306,4.24795445273682,4.41917976055826,4.64779177616484,4.95492664209812,5.37539583129442,5.97039983264564,6.85707033582626,8.29065922043125,10.9438827549751,12.9235358959646,10.7093427152015,8.89915933203341,7.40768157027228,6.16849427352907
650,3.91880905278146,3.91927435368532,3.92068621044261,3.92304195151004,3.92634706130862,3.9306085710844,3.96664039670216,4.02883967468526,4.12073239162306,4.24795445273682,4.41917975942877,4.64779177616484,4.95492664209812,5.375395423192,5.97039983264564,6.85706896485547,8.29066259191661,10.9438297919204,12.9252852983497,10.7111084071494,8.90084413418603,7.41206169377431,6.16849427352907
700,3.91880905278146,3.91927435368532,3.92068621044261,3.92304211509114,3.92634706130862,3.9306085710844,3.96664039670216,4.0288397469745,4.12073239162306,4.24795445273682,4.41917975942877,4.64779131252437,4.95492664209812,5.37539501508953,5.97039983264564,6.8570675913669,8.29066405554231,10.9438613235592,12.9256386626731,10.7115319976109,8.90288071603077,7.41692843287908,6.16849427352907
750,NaN,NaN,NaN,NaN,NaN,NaN,NaN,NaN,NaN,NaN,NaN,NaN,NaN,NaN,NaN,NaN,NaN,NaN,NaN,NaN,NaN,NaN,NaN
800,NaN,NaN,NaN,NaN,NaN,NaN,NaN,NaN,NaN,NaN,NaN,NaN,NaN,NaN,NaN,NaN,NaN,NaN,NaN,NaN,NaN,NaN,NaN
850,NaN,NaN,NaN,NaN,NaN,NaN,NaN,NaN,NaN,NaN,NaN,NaN,NaN,NaN,NaN,NaN,NaN,NaN,NaN,NaN,NaN,NaN,NaN
900,NaN,NaN,NaN,NaN,NaN,NaN,NaN,NaN,NaN,NaN,NaN,NaN,NaN,NaN,NaN,NaN,NaN,NaN,NaN,NaN,NaN,NaN,NaN
