0,0
9.99999997475243e-07,1.14315348328703e-19
1.99999999495049e-06,2.47716938831182e-18
3.00000010611257e-06,2.64315291805445e-17
4.25000007453491e-06,4.50915699656992e-16
5.81250014874968e-06,9.46517264106333e-15
7.76562501414446e-06,1.22878885281964e-13
1.02070316643221e-05,7.397491145033e-13
1.32587892949232e-05,1.38677076655253e-12
1.70734856510535e-05,3.2523991631255e-12
2.18418572330847e-05,1.00838793334746e-11
2.78023217106238e-05,2.81665447190156e-11
3.37627861881629e-05,6.92736234504569e-11
3.97232506657019e-05,1.29040273842777e-10
4.5683715143241e-05,2.00788305154833e-10
5.16441796207801e-05,2.22192691419283e-10
5.76046440983191e-05,2.21334357392468e-10
6.50552246952429e-05,2.73532915117558e-10
7.25058052921668e-05,3.07630666685727e-10
8.18190310383216e-05,3.26581676680976e-10
9.11322567844763e-05,4.05342475425456e-10
0.000102200268884189,5.34287656332999e-10
0.000113268280983903,6.59934406222975e-10
0.000124336293083616,8.12714499135041e-10
0.000138171308208257,1.06475394593652e-09
0.000152006337884814,1.32133251566988e-09
0.000169300095876679,1.6332205606078e-09
0.000186593868420459,1.95474363148316e-09
0.00020388764096424,2.26626608416803e-09
0.00022118141350802,2.60332164722966e-09
0.000238475186051801,2.99354299637591e-09
0.000255768944043666,3.41735949459928e-09
0.000276664446573704,4.01072048169969e-09
0.000297559949103743,4.66053468601605e-09
0.000318455451633781,5.30807035841967e-09
0.00033935095416382,5.96295576618944e-09
0.000360246456693858,6.5595630282015e-09
0.000381141959223896,7.16063120310003e-09
0.000407261337386444,7.9462745355897e-09
0.000433380715548992,8.80714038833688e-09
0.00045950006460771,9.7586948598475e-09
0.000485619442770258,1.07196800685119e-08
0.0005182686727494,1.18837954504551e-08
0.000550917873624712,1.29423828249192e-08
0.000591729418374598,1.42795471287119e-08
0.000632540963124484,1.57650440311609e-08
0.000673352449666709,1.73586001220836e-08
0.000714163994416595,1.89255936481128e-08
0.000765178410802037,2.08061025839367e-08
0.000827687792479992,2.33848783989909e-08
0.000890197232365608,2.63802089779501e-08
0.000952706614043564,2.95650682980304e-08
0.00101521599572152,3.2995507666466e-08
0.00107772543560714,3.69839795824975e-08
0.00115586223546416,4.25772109887899e-08
0.00125266436953098,5.00413225748402e-08
0.0013494665035978,5.83026681473774e-08
0.00144626863766462,6.70716232715096e-08
0.00154307077173144,7.57837815914939e-08
0.00166407343931496,8.67369417438871e-08
0.00181532674469054,1.0025842441339e-07
0.00200124294497073,1.16999715121441e-07
0.00218715891242027,1.35244264059317e-07
0.00237307511270046,1.5514250797444e-07
0.00255899131298065,1.76149514339169e-07
0.00279138656333089,2.01553287570738e-07
0.00308188050985336,2.29854070633414e-07
0.00344499782659113,2.61933877471156e-07
0.00380811537615955,2.91985526546726e-07
0.00417123269289732,3.16297266165444e-07
0.00453435024246573,3.30242445261698e-07
0.00489746779203415,3.35724538716679e-07
0.00526058534160256,3.35228455628923e-07
0.00562370289117098,3.26286784590211e-07
0.00598681997507811,3.06804582000433e-07
0.0064190817065537,2.75046022634816e-07
0.00685134343802929,2.38379966216092e-07
0.00728360516950488,1.95625143777518e-07
0.00771586690098047,1.49219776252618e-07
0.00814812816679478,1.0639800606125e-07
0.00858039036393166,6.95519633610906e-08
0.00901265162974596,3.80251845422975e-08
0.00954032875597477,1.3293203881751e-08
0.010068004950881,8.14913909555737e-09
0.0105956820771098,1.93253763939557e-08
0.011123358272016,4.61763384145264e-08
0.0116510353982449,8.88892538542912e-08
0.0121787125244737,1.40038532014272e-07
0.0127063887193799,1.93259642214856e-07
0.0133430091664195,2.55649284546067e-07
0.0139796286821365,3.04810948871048e-07
0.0146162491291761,3.31787247766121e-07
0.0152528686448932,3.35433305332366e-07
0.0158894881606102,3.13355219589528e-07
0.0165261086076498,2.68233303906321e-07
0.0171627290546894,2.09819088406522e-07
0.017799349501729,1.45608609368781e-07
0.0184359680861235,8.5305026600264e-08
0.0190725885331631,4.05796938064779e-08
0.0197092089802027,1.69376958719433e-08
0.0203458294272423,1.79067451352059e-08
0.0209824498742819,4.51214158365252e-08
0.0216190684586763,9.28656717140883e-08
0.0222556889057159,1.53610152687704e-07
0.0228923093527555,2.19206702714784e-07
0.0235289297997952,2.78040412363558e-07
0.0241655483841896,3.20969323080588e-07
0.0248021688312292,3.42379331439318e-07
0.0254387892782688,3.37785866177698e-07
0.0260754097253084,3.08155753295988e-07
0.0267120283097029,2.59100656594866e-07
0.0273486487567425,1.97401386115808e-07
0.0279852692037821,1.33110141027645e-07
0.0286218896508217,7.71120738070335e-08
0.0292585082352161,3.74248254984283e-08
0.0298951286822557,2.06592516070348e-08
0.0305317491292953,3.00388945371388e-08
0.031168369576335,6.33810478434875e-08
0.0318049900233746,1.15791483866579e-07
0.032441608607769,1.79440776060334e-07
0.0330782271921635,2.43691879928348e-07
0.0337148495018482,2.98771034674528e-07
0.0343514680862427,3.36324311565194e-07
0.0349880903959274,3.49935243039463e-07
0.0356247089803219,3.37819048541467e-07
0.0362613275647163,3.02146560989702e-07
0.0368979498744011,2.48151265244753e-07
0.0375345684587955,1.84708370549286e-07
0.0381711907684803,1.2202570907655e-07
0.0388078093528748,6.96799926727908e-08
0.0394444279372692,3.62670464889142e-08
0.040081050246954,2.72023596687359e-08
0.0407176688313484,4.36618550529957e-08
0.0413542874157429,8.33601685590623e-08
0.0419909097254276,1.40130921864127e-07
0.0426275283098221,2.04817164140876e-07
0.0432641506195068,2.67492564762702e-07
0.0439007692039013,3.18334448241423e-07
0.0445373877882957,3.49171702406444e-07
0.0451740100979805,3.55399008752525e-07
0.045810628682375,3.36084281554228e-07
0.0464472472667694,2.94174944433384e-07
0.0470838695764542,2.36527660731669e-07
0.0477204881608486,1.72280188761521e-07
0.0483571104705334,1.11509067040908e-07
0.0489937290549278,6.40272553570215e-08
0.0496303476393223,3.73581542760499e-08
0.050266969949007,3.56729428319367e-08
0.0509035885334015,5.94355371159664e-08
0.0515402071177959,1.04916712857441e-07
0.0521768294274807,1.6492239466989e-07
0.0528134480118752,2.3015772537333e-07
0.0534500703215599,2.90341424937518e-07
0.0540866889059544,3.35977835355793e-07
0.0547233074903488,3.60023993675329e-07
0.0553599298000336,3.58700954572929e-07
0.055996548384428,3.3223955927477e-07
0.0566331706941128,2.84964309676607e-07
0.0572697892785072,2.24357389373547e-07
0.0579064078629017,1.60021957851451e-07
0.0585430301725864,1.02248668703827e-07
0.0591796487569809,6.01794684125756e-08
0.0598162673413754,4.05005219235283e-08
0.0604528896510601,4.64390109932752e-08
0.0610895082354546,7.7081311944719e-08
0.0617261305451393,1.27642850831541e-07
0.0623627491295338,1.90252218644291e-07
0.0629993677139282,2.55051200856622e-07
0.063635990023613,3.11867504891448e-07
0.0636620000004768,3.13910829314339e-07
