0,1.10101909722622e-11
0.79968012794882,9.80709053447403e-14
1.59936025589764,9.78502227296174e-14
2.39904038384646,9.76509684720368e-14
3.19872051179528,9.73948101001271e-14
3.9984006397441,9.70727651350423e-14
4.79808076769292,9.66832768753177e-14
5.59776089564174,9.62266593172862e-14
6.39744102359056,9.57037874966e-14
7.19712115153938,9.51159382436908e-14
7.9968012794882,9.44646019717098e-14
8.79648140743702,9.3751476113955e-14
9.59616153538585,9.29783949928468e-14
10.3958416633347,9.21473658379908e-14
11.1955217912835,9.12605334377645e-14
11.9952019192323,9.0320135658314e-14
12.7948820471811,8.93285958587582e-14
13.5945621751299,8.82883711980352e-14
14.3942423030788,8.72021232712683e-14
15.1939224310276,8.60725227653253e-14
15.9936025589764,8.490241741281e-14
16.7932826869252,8.36947470319162e-14
17.592962814874,8.24524776751021e-14
18.3926429428229,8.1178799770952e-14
19.1923230707717,7.98768206742253e-14
19.9920031987205,7.85498926158777e-14
20.7916833266693,7.72013416190327e-14
21.5913634546182,7.58346438376321e-14
22.391043582567,7.44532774442571e-14
23.1907237105158,7.30608131226652e-14
23.9904038384646,7.16609142385841e-14
24.7900839664134,7.02572320217012e-14
25.5897640943623,6.88535090789491e-14
26.3894442223111,6.74534900924671e-14
27.1891243502599,6.60609408323203e-14
27.9888044782087,6.4679642246656e-14
28.7884846061575,6.33133887950006e-14
29.5881647341064,6.1965920315036e-14
30.3878448620552,6.06409403873071e-14
31.187524990004,5.9342092690467e-14
31.9872051179528,5.80729486175036e-14
32.7868852459016,5.68369483706796e-14
33.5865653738505,5.56373986070513e-14
34.3862455017993,5.44774573436358e-14
35.1859256297481,5.3360023604555e-14
35.9856057576969,5.22878258579646e-14
36.7852858856457,5.12632911280386e-14
37.5849660135946,5.02885434271719e-14
38.3846461415434,4.93654281124867e-14
39.1843262694922,4.84952825337446e-14
39.984006397441,4.7679179291649e-14
40.7836865253898,4.69177326395582e-14
41.5833666533387,4.62110520053774e-14
42.3830467812875,4.55589052406096e-14
43.1827269092363,4.49605242782503e-14
43.9824070371851,4.44147022003194e-14
44.7820871651339,4.39197873450725e-14
45.5817672930828,4.34737451262456e-14
46.3814474210316,4.30741024903688e-14
47.1811275489804,4.27180354535414e-14
47.9808076769292,4.24024457824401e-14
48.780487804878,4.21239007452693e-14
49.5801679328269,4.18787956795668e-14
50.3798480607757,4.16633464129065e-14
51.1795281887245,4.14736251330614e-14
51.9792083166733,4.13056221458895e-14
52.7788884446222,4.11553749537205e-14
53.578568572571,4.101879718487e-14
54.3782487005198,4.08920349066032e-14
55.1779288284686,4.07712002835866e-14
55.9776089564174,4.06525750105852e-14
56.7772890843663,4.05326447994047e-14
57.5769692123151,4.0407989238832e-14
58.3766493402639,4.0275440654203e-14
59.1763294682127,4.0132066199998e-14
59.9760095961615,3.99751124035271e-14
60.7756897241104,3.98021092469408e-14
61.5753698520592,3.96108200638064e-14
62.375049980008,3.93992671136377e-14
63.1747301079568,3.91657234352709e-14
63.9744102359056,3.89087585849547e-14
64.7740903638545,3.86271565566741e-14
65.5737704918033,3.83200110201786e-14
66.3734506197521,3.79866658836777e-14
67.1731307477009,3.76267329572401e-14
67.9728108756497,3.7240108523368e-14
68.7724910035986,3.68269159886307e-14
69.5721711315474,3.63876473971446e-14
70.3718512594962,3.59229745814153e-14
71.171531387445,3.54338966557413e-14
71.9712115153938,3.49217085033411e-14
72.7708916433427,3.43878983218343e-14
73.5705717712915,3.38343264899988e-14
74.3702518992403,3.32631101819983e-14
75.1699320271891,3.26765816324052e-14
75.9696121551379,3.20774342534205e-14
76.7692922830868,3.14685420342033e-14
77.5689724110356,3.08530921583852e-14
78.3686525389844,3.02344955568541e-14
79.1683326669332,2.96163986902157e-14
79.968012794882,2.90026441847959e-14
80.7676929228309,2.83972777162536e-14
81.5673730507797,2.78045177892011e-14
82.3670531787285,2.72286120201254e-14
83.1667333066773,2.66740231628126e-14
83.9664134346261,2.61451282420792e-14
84.766093562575,2.56463138633899e-14
85.5657736905238,2.51818853953866e-14
86.3654538184726,2.47558944832186e-14
87.1651339464214,2.43722230235758e-14
87.9648140743703,2.40343747782373e-14
88.7644942023191,2.37453707633553e-14
89.5641743302679,2.35077294843654e-14
90.3638544582167,2.33234037119904e-14
91.1635345861655,2.3193672393647e-14
91.9632147141144,2.31191152791721e-14
92.7628948420632,2.30996305379764e-14
93.562574970012,2.31344482413801e-14
94.3622550979608,2.32220790927725e-14
95.1619352259096,2.33604817720096e-14
95.9616153538585,2.35471060839385e-14
96.7612954818073,2.37788779875801e-14
97.5609756097561,2.40525666486554e-14
98.3606557377049,2.43645721478481e-14
99.1603358656537,2.47111347957658e-14
99.9600159936026,2.50884901370487e-14
100.759696121551,2.54928204380389e-14
101.5593762495,2.59204133705973e-14
102.359056377449,2.636758166974e-14
103.158736505398,2.68308731944789e-14
103.958416633347,2.73069159271554e-14
104.758096761295,2.77925466402738e-14
105.557776889244,2.82848178409146e-14
106.357457017193,2.87808981192617e-14
107.157137145142,2.9278207230685e-14
107.956817273091,2.97743625160599e-14
108.75649740104,3.02671583647343e-14
109.556177528988,3.07545721644502e-14
110.355857656937,3.1234699727535e-14
111.155537784886,3.1705863923071e-14
111.955217912835,3.216655781645e-14
112.754898040784,3.26153969013618e-14
113.554578168733,3.30511414498605e-14
114.354258296681,3.3472712871003e-14
115.15393842463,3.38791540390878e-14
115.953618552579,3.42696570932722e-14
116.753298680528,3.46435548198727e-14
117.552978808477,3.50002904713233e-14
118.352658936425,3.53394283004475e-14
119.152339064374,3.56606617528545e-14
119.952019192323,3.59638168245553e-14
120.751699320272,3.62488184219158e-14
121.551379448221,3.65157041255143e-14
122.35105957617,3.676469440873e-14
123.150739704118,3.69960076521802e-14
123.950419832067,3.72100573973365e-14
124.750099960016,3.74073149287039e-14
125.549780087965,3.75883880540309e-14
126.349460215914,3.77539816502423e-14
127.149140343862,3.79048362919274e-14
127.948820471811,3.80417866790138e-14
128.74850059976,3.81657988633267e-14
129.548180727709,3.82778639984082e-14
130.347860855658,3.8378970007964e-14
131.147540983607,3.84701721871182e-14
131.947221111555,3.85525617923309e-14
132.746901239504,3.86272432872036e-14
133.546581367453,3.86952478352666e-14
134.346261495402,3.87576052873664e-14
135.145941623351,3.88153335105422e-14
135.945621751299,3.88692533139962e-14
136.745301879248,3.89201363337758e-14
137.544982007197,3.89686736325938e-14
138.344662135146,3.90153192732816e-14
139.144342263095,3.90603884925331e-14
139.944022391044,3.91040096998102e-14
140.743702518992,3.9146034288701e-14
141.543382646941,3.91860505740903e-14
142.34306277489,3.92234721614091e-14
143.142742902839,3.9257240459913e-14
143.942423030788,3.92860799597375e-14
144.742103158737,3.93083641745996e-14
145.541783286685,3.93220281389479e-14
146.341463414634,3.93246621158271e-14
147.141143542583,3.93134564620518e-14
147.940823670532,3.92851173621076e-14
148.740503798481,3.92358540316415e-14
149.540183926429,3.91615391728298e-14
150.339864054378,3.90573903134513e-14
151.139544182327,3.89181470490039e-14
151.939224310276,3.87379692657905e-14
152.738904438225,3.85104486698383e-14
153.538584566174,3.82284839377377e-14
154.338264694122,3.78843249495011e-14
155.137944822071,3.74694489877994e-14
155.93762495002,3.69746205908985e-14
156.737305077969,3.63896675503223e-14
157.536985205918,3.57035953958731e-14
158.336665333866,3.49044965700554e-14
159.136345461815,3.39794487310807e-14
159.936025589764,3.29145890314548e-14
160.735705717713,3.16951765057032e-14
161.535385845662,3.03055808116058e-14
162.335065973611,2.87297081672818e-14
163.134746101559,2.69512792855252e-14
163.934426229508,2.49544459557051e-14
164.734106357457,2.27251642565603e-14
165.533786485406,2.02528907270908e-14
166.333466613355,1.75341579078545e-14
167.133146741303,1.45798956916196e-14
167.932826869252,1.14339595738443e-14
168.732506997201,8.23543987466273e-15
169.53218712515,5.49217182386315e-15
170.331867253099,4.90807039179466e-15
171.131547381048,7.43781118483656e-15
171.931227508996,1.13250992294897e-14
172.730907636945,1.5660684773316e-14
173.530587764894,2.01511103630259e-14
174.330267892843,2.46486920886691e-14
175.129948020792,2.90495411279784e-14
175.929628148741,3.32714685421906e-14
176.729308276689,3.72501987066429e-14
177.528988404638,4.09391163653706e-14
178.328668532587,4.43091130032997e-14
179.128348660536,4.73473613297483e-14
179.928028788485,5.005516007226e-14
180.727708916433,5.24450695929233e-14
181.527389044382,5.45379758602317e-14
182.327069172331,5.63602079421904e-14
183.12674930028,5.79413074084774e-14
183.926429428229,5.93121577351584e-14
184.726109556178,6.05036257295308e-14
185.525789684126,6.15457958884487e-14
186.325469812075,6.24672630561695e-14
187.125149940024,6.32951131927743e-14
187.924830067973,6.40545045633427e-14
188.724510195922,6.47689282888803e-14
189.52419032387,6.546010929811e-14
190.323870451819,6.61481870892161e-14
191.123550579768,6.68517687292571e-14
191.923230707717,6.75879765620805e-14
192.722910835666,6.83726432236205e-14
193.522590963615,6.92202084067999e-14
194.322271091563,7.01439128576226e-14
195.121951219512,7.11557344724126e-14
195.921631347461,7.22664361680447e-14
196.72131147541,7.34856301531986e-14
197.520991603359,7.48218258603744e-14
198.320671731307,7.62824314821105e-14
199.120351859256,7.7873743134322e-14
199.920031987205,7.96012086633582e-14
200.719712115154,8.14692405681607e-14
201.519392243103,8.34815813700023e-14
202.319072371052,8.56410718822602e-14
203.118752499,8.79500066030787e-14
203.918432626949,9.04099272863597e-14
204.718112754898,9.30220106381391e-14
205.517792882847,9.57867390268342e-14
206.317473010796,9.87041963413886e-14
207.117153138744,1.0177377668363e-13
207.916833266693,1.04994370191614e-13
208.716513394642,1.08363939981888e-13
209.516193522591,1.11879492002742e-13
210.31587365054,1.15536651565579e-13
211.115553778489,1.19329296538077e-13
211.915233906437,1.23249003629182e-13
212.714914034386,1.27284282187994e-13
213.514594162335,1.31419724028065e-13
214.314274290284,1.3563492963951e-13
215.113954418233,1.399032999856e-13
215.913634546182,1.44190585763229e-13
216.71331467413,1.4845329401348e-13
217.512994802079,1.52637338014823e-13
218.312674930028,1.56676649109272e-13
219.112355057977,1.60492453043639e-13
219.912035185926,1.63993511803039e-13
220.711715313874,1.67077557258148e-13
221.511395441823,1.69634994666236e-13
222.311075569772,1.71554146790665e-13
223.110755697721,1.7272936987452e-13
223.91043582567,1.73070288637753e-13
224.710115953619,1.72511734281779e-13
225.509796081567,1.71022405954603e-13
226.309476209516,1.68610569677515e-13
227.109156337465,1.6532544975937e-13
227.908836465414,1.61253538746833e-13
228.708516593363,1.56510746879341e-13
229.508196721311,1.51231708526427e-13
230.30787684926,1.455584764525e-13
231.107556977209,1.39630012055344e-13
231.907237105158,1.33574253090969e-13
232.706917233107,1.27502730952643e-13
233.506597361056,1.21508045051808e-13
234.306277489004,1.15663537474458e-13
235.105957616953,1.10024248598647e-13
235.905637744902,1.0462919643355e-13
236.705317872851,9.95036865675101e-14
237.5049980008,9.46618370043961e-14
238.304678128748,9.01089925291908e-14
239.104358256697,8.58436305424093e-14
239.904038384646,8.18591983040072e-14
240.703718512595,7.81454784336556e-14
241.503398640544,7.46897959995623e-14
242.303078768493,7.14777752163471e-14
243.102758896441,6.84941020346019e-14
243.90243902439,6.57230756461514e-14
244.702119152339,6.31489760239941e-14
245.501799280288,6.07562901155037e-14
246.301479408237,5.85301178830686e-14
247.101159536186,5.64560943117904e-14
247.900839664134,5.45206637287561e-14
248.700519792083,5.27111343748103e-14
249.500199920032,5.10156407354261e-14
250.299880047981,4.94231789118504e-14
251.09956017593,4.79237404176059e-14
251.899240303878,4.65081260671525e-14
252.698920431827,4.51679326869891e-14
253.498600559776,4.38956960723913e-14
254.298280687725,4.26846579107012e-14
255.097960815674,4.1528775842568e-14
255.897640943623,4.04227358775244e-14
256.697321071571,3.9361843948505e-14
257.49700119952,3.83419843183981e-14
258.296681327469,3.73595580898331e-14
259.096361455418,3.64114872884631e-14
259.896041583367,3.54951487998635e-14
260.695721711315,3.4608268702035e-14
261.495401839264,3.37489419154901e-14
262.295081967213,3.29156122929203e-14
263.094762095162,3.21069932541823e-14
263.894442223111,3.1322018004749e-14
264.69412235106,3.05598146701685e-14
265.493802479008,2.98197896316118e-14
266.293482606957,2.91014591309919e-14
267.093162734906,2.84044221608771e-14
267.892842862855,2.77284251277817e-14
268.692522990804,2.70733732696375e-14
269.492203118753,2.64391520772509e-14
270.291883246701,2.5825715431721e-14
271.09156337465,2.52331569306032e-14
271.891243502599,2.4661495712557e-14
272.690923630548,2.41108444895552e-14
273.490603758497,2.35812917099154e-14
274.290283886445,2.30729322274042e-14
275.089964014394,2.25858864035801e-14
275.889644142343,2.2120244706027e-14
276.689324270292,2.16761272455119e-14
277.489004398241,2.12536163014227e-14
278.28868452619,2.08527492314331e-14
279.088364654138,2.04736016820272e-14
279.888044782087,2.01162472219075e-14
280.687724910036,1.9780708661962e-14
281.487405037985,1.94670252964282e-14
282.287085165934,1.91751688588756e-14
283.086765293882,1.89051880243561e-14
283.886445421831,1.86570941049279e-14
284.68612554978,1.84308510241587e-14
285.485805677729,1.82264442932018e-14
286.285485805678,1.80438574717967e-14
287.085165933627,1.78830543270738e-14
287.884846061575,1.77440111129302e-14
288.684526189524,1.76266727617641e-14
289.484206317473,1.75309135731265e-14
290.283886445422,1.74566724252413e-14
291.083566573371,1.74038376010189e-14
291.883246701319,1.73722339422626e-14
292.682926829268,1.73616400711548e-14
293.482606957217,1.7371806413653e-14
294.282287085166,1.74024378540373e-14
295.081967213115,1.74531694189293e-14
295.881647341064,1.75235907990608e-14
296.681327469012,1.76131933151782e-14
297.481007596961,1.77213799533427e-14
298.28068772491,1.78475077480284e-14
299.080367852859,1.79908881877959e-14
299.880047980808,1.81507237954284e-14
300.679728108756,1.83261299769754e-14
301.479408236705,1.85161336924127e-14
302.279088364654,1.87197606115439e-14
303.078768492603,1.89359296180025e-14
303.878448620552,1.9163517610577e-14
304.678128748501,1.94013546031142e-14
305.477808876449,1.96482120655327e-14
306.277489004398,1.99028631843976e-14
307.077169132347,2.01640459692101e-14
307.876849260296,2.0430483331394e-14
308.676529388245,2.07008872141764e-14
309.476209516194,2.09740365072706e-14
310.275889644142,2.12486738848642e-14
311.075569772091,2.15235795913021e-14
311.87524990004,2.17975652142589e-14
312.674930027989,2.20695212255751e-14
313.474610155938,2.23383768824282e-14
314.274290283886,2.26031050384263e-14
315.073970411835,2.28627754480087e-14
315.873650539784,2.31165249091604e-14
316.673330667733,2.33635211441485e-14
317.473010795682,2.36030471221813e-14
318.272690923631,2.38344310279796e-14
319.072371051579,2.40571271533975e-14
319.872051179528,2.42705658711978e-14
320.671731307477,2.44742885015964e-14
321.471411435426,2.46679232128679e-14
322.271091563375,2.48511476422003e-14
323.070771691323,2.5023578286533e-14
323.870451819272,2.51850342587815e-14
324.670131947221,2.53352515742959e-14
325.46981207517,2.54740065838174e-14
326.269492203119,2.56011579355467e-14
327.069172331068,2.57165299202243e-14
327.868852459016,2.58200326746909e-14
328.668532586965,2.59115224705936e-14
329.468212714914,2.59909365681127e-14
330.267892842863,2.60582045976647e-14
331.067572970812,2.61133408576114e-14
331.867253098761,2.61563406713761e-14
332.666933226709,2.61872849979723e-14
333.466613354658,2.62062798488414e-14
334.266293482607,2.62135296806571e-14
335.065973610556,2.62092346153971e-14
335.865653738505,2.61937472176176e-14
336.665333866453,2.61674853293998e-14
337.465013994402,2.61309168804158e-14
338.264694122351,2.60846276240608e-14
339.0643742503,2.60293336592118e-14
339.864054378249,2.59658305949572e-14
340.663734506197,2.58949691109917e-14
341.463414634146,2.58178029338495e-14
342.263094762095,2.57354131667909e-14
343.062774890044,2.56489849582683e-14
343.862455017993,2.55598229269463e-14
344.662135145942,2.54693031015594e-14
345.46181527389,2.53788700555312e-14
346.261495401839,2.52900128397157e-14
347.061175529788,2.52042680590956e-14
347.860855657737,2.51232033727599e-14
348.660535785686,2.50483009624817e-14
349.460215913635,2.49811004148833e-14
350.259896041583,2.49229990769786e-14
351.059576169532,2.48752612826543e-14
351.859256297481,2.48390808666603e-14
352.65893642543,2.48154016006672e-14
353.458616553379,2.48049259959438e-14
354.258296681327,2.48081571157411e-14
355.057976809276,2.48252425006183e-14
355.857656937225,2.48559532639671e-14
356.657337065174,2.48998629116068e-14
357.457017193123,2.49559868036812e-14
358.256697321072,2.50230428213035e-14
359.05637744902,2.50993408354302e-14
359.856057576969,2.51827809071528e-14
360.655737704918,2.52708692856386e-14
361.455417832867,2.5360725650768e-14
362.255097960816,2.54491181358073e-14
363.054778088765,2.55324298519072e-14
363.854458216713,2.56067375990536e-14
364.654138344662,2.5667801123135e-14
365.453818472611,2.57111038745332e-14
366.25349860056,2.57317885344521e-14
367.053178728509,2.57247992763105e-14
367.852858856457,2.56848107869606e-14
368.652538984406,2.56062397620626e-14
369.452219112355,2.54833061434775e-14
370.251899240304,2.53099802999788e-14
371.051579368253,2.508001197928e-14
371.851259496202,2.47869363441419e-14
372.65093962415,2.442404029574e-14
373.450619752099,2.39844667999959e-14
374.250299880048,2.34611028086064e-14
375.049980007997,2.28466955963122e-14
375.849660135946,2.21340038015303e-14
376.649340263894,2.13157991793382e-14
377.449020391843,2.03853407866122e-14
378.248700519792,1.93368395470302e-14
379.048380647741,1.81664777297763e-14
379.84806077569,1.68744027509061e-14
380.647740903639,1.5468451610119e-14
381.447421031587,1.39716008263963e-14
382.247101159536,1.24372655991682e-14
383.046781287485,1.09799483437825e-14
383.846461415434,9.82883475980952e-15
384.646141543383,9.37313540853932e-15
385.445821671331,1.00517042044452e-14
386.24550179928,1.20509626190519e-14
387.045181927229,1.525775212852e-14
387.844862055178,1.95156122962646e-14
388.644542183127,2.47675209931037e-14
389.444222311076,3.10629746776637e-14
390.243902439024,3.85444065256569e-14
391.043582566973,4.74497792678499e-14
391.843262694922,5.81371054081058e-14
392.642942822871,7.11367450731829e-14
393.44262295082,8.72488582228993e-14
394.242303078768,1.07726115722792e-13
395.041983206717,1.34635207422744e-13
395.841663334666,1.71637285390319e-13
396.641343462615,2.25883582701794e-13
397.441023590564,3.13464390871669e-13
398.240703718513,4.7970603732602e-13
399.040383846461,9.2079131511267e-13
399.84006397441,5.71891237468402e-12
400.639744102359,1.50429104536821e-12
401.439424230308,6.91625014211903e-13
402.239104358257,4.58854341778897e-13
403.038784486206,3.4790462376776e-13
403.838464614154,2.82586418865684e-13
404.638144742103,2.39274998646615e-13
405.437824870052,2.08248908491149e-13
406.237504998001,1.8477562979858e-13
407.03718512595,1.66276408523614e-13
407.836865253898,1.51227240881643e-13
408.636545381847,1.38670655268531e-13
409.436225509796,1.27975677758425e-13
410.235905637745,1.18710389041196e-13
411.035585765694,1.10569927865149e-13
411.835265893643,1.03333621287101e-13
412.634946021591,9.68384917759459e-14
413.43462614954,9.09621853098618e-14
414.234306277489,8.56116346291229e-14
415.033986405438,8.07154044275358e-14
415.833666533387,7.62182965914085e-14
416.633346661335,7.20775462641452e-14
417.433026789284,6.82600127275935e-14
418.232706917233,6.47400936947895e-14
419.032387045182,6.14981977896548e-14
419.832067173131,5.85193757468114e-14
420.63174730108,5.57923194325321e-14
421.431427429028,5.33085881268216e-14
422.231107556977,5.10616930843356e-14
423.030787684926,4.90464308250697e-14
423.830467812875,4.72582127834868e-14
424.630147940824,4.56924482300515e-14
425.429828068773,4.43439387952153e-14
426.229508196721,4.32064512937823e-14
427.02918832467,4.22722743917318e-14
427.828868452619,4.15320309732358e-14
428.628548580568,4.09746066539758e-14
429.428228708517,4.05871742072811e-14
430.227908836465,4.03556024835736e-14
431.027588964414,4.02645279590134e-14
431.827269092363,4.02980174101913e-14
432.626949220312,4.04397925065536e-14
433.426629348261,4.06737523070969e-14
434.22630947621,4.09841989749174e-14
435.025989604158,4.13561899487916e-14
435.825669732107,4.17757283646459e-14
436.625349860056,4.22297531493204e-14
437.425029988005,4.27064228261294e-14
438.224710115954,4.31949214987708e-14
439.024390243902,4.36855944523234e-14
439.824070371851,4.4169761938845e-14
440.6237504998,4.46397898992841e-14
441.423430627749,4.50889206777498e-14
442.223110755698,4.55112379524823e-14
443.022790883647,4.59016195829391e-14
443.822471011595,4.62556041403407e-14
444.622151139544,4.65694206796978e-14
445.421831267493,4.68398285227053e-14
446.221511395442,4.70641048834936e-14
447.021191523391,4.72400727457043e-14
447.820871651339,4.73659035946075e-14
448.620551779288,4.74402148500701e-14
449.420231907237,4.74619857290101e-14
450.219912035186,4.74305394080696e-14
451.019592163135,4.73454639030301e-14
451.819272291084,4.72067247105943e-14
452.618952419032,4.70144931543115e-14
453.418632546981,4.67691748078355e-14
454.21831267493,4.64715062154347e-14
455.017992802879,4.61223727093719e-14
455.817672930828,4.572288164249e-14
456.617353058776,4.52743320862115e-14
457.417033186725,4.47782316628423e-14
458.216713314674,4.42362382674457e-14
459.016393442623,4.36501847134169e-14
459.816073570572,4.3022071528537e-14
460.615753698521,4.2353981573572e-14
461.415433826469,4.1648220350784e-14
462.215113954418,4.09071263763957e-14
463.014794082367,4.0133264405345e-14
463.814474210316,3.93291988500225e-14
464.614154338265,3.84977300299247e-14
465.413834466214,3.76417056244829e-14
466.213514594162,3.67640446381705e-14
467.013194722111,3.58678167158968e-14
467.81287485006,3.49562447005128e-14
468.612554978009,3.40325551631183e-14
469.412235105958,3.31001327441278e-14
470.211915233906,3.21624351443e-14
471.011595361855,3.12230821149552e-14
471.811275489804,3.02857042406504e-14
472.610955617753,2.93540974478936e-14
473.410635745702,2.84321070047082e-14
474.210315873651,2.7523648319027e-14
475.009996001599,2.66327211647206e-14
475.809676129548,2.57633123020433e-14
476.609356257497,2.49194866427767e-14
477.409036385446,2.41052589371875e-14
478.208716513395,2.33245127683057e-14
479.008396641343,2.25810707990468e-14
479.808076769292,2.18785238347117e-14
480.607756897241,2.12202065616754e-14
481.40743702519,2.06090537443957e-14
482.207117153139,2.00475830321934e-14
483.006797281088,1.95376931569804e-14
483.806477409036,1.90806968402954e-14
484.606157536985,1.86771579322292e-14
485.405837664934,1.83268102448588e-14
486.205517792883,1.80286136997635e-14
487.005197920832,1.77807101540431e-14
487.80487804878,1.75804479142889e-14
488.604558176729,1.74244869306798e-14
489.404238304678,1.73088804084832e-14
490.203918432627,1.72292166973383e-14
491.003598560576,1.71807246744391e-14
491.803278688525,1.71583942411855e-14
492.602958816473,1.71571533500306e-14
493.402638944422,1.71719679846416e-14
494.202319072371,1.71978984329435e-14
495.00199920032,1.7230165297679e-14
495.801679328269,1.72642933575452e-14
496.601359456217,1.72960996620507e-14
497.401039584166,1.73216579639749e-14
498.200719712115,1.73373883842163e-14
499.000399840064,1.7340044742091e-14
499.800079968013,1.73267233454066e-14
500.599760095962,1.72947802847342e-14
501.39944022391,1.72418960913665e-14
502.199120351859,1.71660595513794e-14
502.998800479808,1.70654413355565e-14
503.798480607757,1.69385830157641e-14
504.598160735706,1.67841968313876e-14
505.397840863655,1.66011834776254e-14
506.197520991603,1.63887367718342e-14
506.997201119552,1.61461712070612e-14
507.796881247501,1.58730573877931e-14
508.59656137545,1.55690665020243e-14
509.396241503399,1.52340787451101e-14
510.195921631347,1.48681872926248e-14
510.995601759296,1.44715677921289e-14
511.795281887245,1.40445496418985e-14
512.594962015194,1.35877004138851e-14
513.394642143143,1.31016412197877e-14
514.194322271092,1.25872225987126e-14
514.99400239904,1.20454479387785e-14
515.793682526989,1.1477484605605e-14
516.593362654938,1.08846857456123e-14
517.393042782887,1.02687105899831e-14
518.192722910836,9.63146069531084e-15
518.992403038784,8.97519339943431e-15
519.792083166733,8.30266397868939e-15
520.591763294682,7.61732573724555e-15
521.391443422631,6.92361061621033e-15
522.19112355058,6.22747014755119e-15
522.990803678529,5.53735140097892e-15
523.790483806477,4.86568270983872e-15
524.590163934426,4.23170929671829e-15
525.389844062375,3.66591916648298e-15
526.189524190324,3.21551733387629e-15
526.989204318273,2.94436955715828e-15
527.788884446221,2.9115688699412e-15
528.58856457417,3.13082176973053e-15
529.388244702119,3.55969594045385e-15
530.187924830068,4.13548586640639e-15
530.987604958017,4.80635645603635e-15
531.787285085966,5.5374972232459e-15
532.586965213914,6.306946052502e-15
533.386645341863,7.10074275211229e-15
534.186325469812,7.9097121064002e-15
534.986005597761,8.72761754827037e-15
535.78568572571,9.55003686943824e-15
536.585365853659,1.03738688386535e-14
537.385045981607,1.11968311077761e-14
538.184726109556,1.20173069938352e-14
538.984406237505,1.28343018308345e-14
539.784086365454,1.36472465457859e-14
540.583766493403,1.44560067871152e-14
541.383446621351,1.52608902102751e-14
542.1831267493,1.60627187226803e-14
542.982806877249,1.68626030829098e-14
543.782487005198,1.76621830527496e-14
544.582167133147,1.84635977041678e-14
545.381847261096,1.9269395509807e-14
546.181527389044,2.00826442059518e-14
546.981207516993,2.09069672983231e-14
547.780887644942,2.17464641925199e-14
548.580567772891,2.26057668896344e-14
549.38024790084,2.34900777238953e-14
550.179928028788,2.44050953158478e-14
550.979608156737,2.53570016483499e-14
551.779288284686,2.63524435485081e-14
552.578968412635,2.73985120840287e-14
553.378648540584,2.85026590778059e-14
554.178328668533,2.96725979598935e-14
554.978008796481,3.09161978792527e-14
555.77768892443,3.22415246432107e-14
556.577369052379,3.36564925617865e-14
557.377049180328,3.51688385404313e-14
558.176729308277,3.67860229866284e-14
558.976409436225,3.85147820323103e-14
559.776089564174,4.0361079124489e-14
560.575769692123,4.23297671555174e-14
561.375449820072,4.44240268289887e-14
562.175129948021,4.66451362276838e-14
562.97481007597,4.89917077553735e-14
563.774490203918,5.14590140994094e-14
564.574170331867,5.40383126284104e-14
565.373850459816,5.67157137659685e-14
566.173530587765,5.94713233577359e-14
566.973210715714,6.22783300404436e-14
567.772890843662,6.51021306615867e-14
568.572570971611,6.79000970485161e-14
569.37225109956,7.06217619338447e-14
570.171931227509,7.32101822110795e-14
570.971611355458,7.56042234365924e-14
571.771291483407,7.77423817335256e-14
572.570971611356,7.95674035602099e-14
573.370651739304,8.10315054578516e-14
574.170331867253,8.21014709604407e-14
574.970011995202,8.27621688751774e-14
575.769692123151,8.3018558733281e-14
576.5693722511,8.28947578594234e-14
577.369052379048,8.24315428820539e-14
578.168732506997,8.16818577267551e-14
578.968412634946,8.0705703974931e-14
579.768092762895,7.95654596649503e-14
580.567772890844,7.83214729206017e-14
581.367453018793,7.70293580544798e-14
582.167133146741,7.57379073695715e-14
582.96681327469,7.44882736828369e-14
583.766493402639,7.33137862217133e-14
584.566173530588,7.22403828700892e-14
585.365853658537,7.12872380207024e-14
586.165533786485,7.04676394908085e-14
586.965213914434,6.97899123095548e-14
587.764894042383,6.92582657848888e-14
588.564574170332,6.88735489789748e-14
589.364254298281,6.8634089653031e-14
590.16393442623,6.85363557325172e-14
590.963614554178,6.85755070273589e-14
591.763294682127,6.87459309733277e-14
592.562974810076,6.90416556671447e-14
593.362654938025,6.94568001660976e-14
594.162335065974,6.99857421008287e-14
594.962015193922,7.06235700015288e-14
595.761695321871,7.13660478691601e-14
596.56137544982,7.22100922681255e-14
597.361055577769,7.31535621777722e-14
598.160735705718,7.41957248454179e-14
598.960415833667,7.53369273164147e-14
599.760095961615,7.65790719458453e-14
600.559776089564,7.79253137113122e-14
601.359456217513,7.93803803995364e-14
602.159136345462,8.0950283656384e-14
602.958816473411,8.26425434144053e-14
603.758496601359,8.44660366269643e-14
604.558176729308,8.64309890461834e-14
605.357856857257,8.85488673441348e-14
606.157536985206,9.08323060937976e-14
606.957217113155,9.32948711557837e-14
607.756897241104,9.59509480975605e-14
608.556577369052,9.88154417747439e-14
609.356257497001,1.01903368157952e-13
610.15593762495,1.05229518934352e-13
610.955617752899,1.08807773846017e-13
611.755297880848,1.12650496483816e-13
612.554978008797,1.16767626109362e-13
613.354658136745,1.21165405929023e-13
614.154338264694,1.25845317144362e-13
614.954018392643,1.30802072109754e-13
615.753698520592,1.36021955969785e-13
616.553378648541,1.4148026428764e-13
617.353058776489,1.47139107989571e-13
618.152738904438,1.52944636713282e-13
618.952419032387,1.5882471273997e-13
619.752099160336,1.64687310369606e-13
620.551779288285,1.7041978730157e-13
621.351459416234,1.7589046273338e-13
622.151139544182,1.80952316227309e-13
622.950819672131,1.85450043206776e-13
623.75049980008,1.89229865504109e-13
624.550179928029,1.9215156744231e-13
625.349860055978,1.941012056282e-13
626.149540183926,1.95002409714804e-13
626.949220311875,1.9482375082294e-13
627.748900439824,1.93581242746e-13
628.548580567773,1.91334887833906e-13
629.348260695722,1.88180684507866e-13
630.147940823671,1.84239699827293e-13
630.947620951619,1.79645978950041e-13
631.747301079568,1.74536045811571e-13
632.546981207517,1.69040134211733e-13
633.346661335466,1.63276547368536e-13
634.146341463415,1.57348355312803e-13
634.946021591363,1.51342218351627e-13
635.745701719312,1.45328973661442e-13
636.545381847261,1.3936492197899e-13
637.34506197521,1.33493660042207e-13
638.144742103159,1.27748164757266e-13
638.944422231108,1.22152727666803e-13
639.744102359056,1.16724677572439e-13
640.543782487005,1.1147592349749e-13
641.343462614954,1.06414331403756e-13
642.143142742903,1.01544626467185e-13
642.942822870852,9.68692578555027e-14
643.7425029988,9.23892244799188e-14
644.542183126749,8.81043348380988e-14
645.341863254698,8.4013655832561e-14
646.141543382647,8.01160014111586e-14
646.941223510596,7.64098360455838e-14
647.740903638545,7.28935648692967e-14
648.540583766493,6.95656541341577e-14
649.340263894442,6.64245272652995e-14
650.139944022391,6.34686671700881e-14
650.93962415034,6.06965865516471e-14
651.739304278289,5.81066749285111e-14
652.538984406238,5.56971639159885e-14
653.338664534186,5.34660579158198e-14
654.138344662135,5.14108964452112e-14
654.938024790084,4.95287688738716e-14
655.737704918033,4.78160584203313e-14
656.537385045982,4.62683923304678e-14
657.33706517393,4.488052673741e-14
658.136745301879,4.36462487479527e-14
658.936425429828,4.25584412528602e-14
659.736105557777,4.16090731091446e-14
660.535785685726,4.07892228242012e-14
661.335465813675,4.00892258984343e-14
662.135145941623,3.94989097804244e-14
662.934826069572,3.90077421440511e-14
663.734506197521,3.86049028208167e-14
664.53418632547,3.82796094906872e-14
665.333866453419,3.80214276365843e-14
666.133546581367,3.78201165148939e-14
666.933226709316,3.76660023086399e-14
667.732906837265,3.75500177828458e-14
668.532586965214,3.74637836213528e-14
669.332267093163,3.73995906715803e-14
670.131947221112,3.73505151046912e-14
670.93162734906,3.73104069503214e-14
671.731307477009,3.72738143585015e-14
672.530987604958,3.72359975313057e-14
673.330667732907,3.71929084954904e-14
674.130347860856,3.71411408200684e-14
674.930027988804,3.7077874991034e-14
675.729708116753,3.70008664322793e-14
676.529388244702,3.69083823025551e-14
677.329068372651,3.67991552362064e-14
678.1287485006,3.66723415031192e-14
678.928428628549,3.6527565081357e-14
679.728108756497,3.63647601100288e-14
680.527788884446,3.61842577917734e-14
681.327469012395,3.59866459457638e-14
682.127149140344,3.57728037628717e-14
682.926829268293,3.55439027503605e-14
683.726509396241,3.53013752938445e-14
684.52618952419,3.5046806096213e-14
685.325869652139,3.47820175242797e-14
686.125549780088,3.45089514440838e-14
686.925229908037,3.42297655193524e-14
687.724910035986,3.39467293521397e-14
688.524590163934,3.36621758633641e-14
689.324270291883,3.3378555564864e-14
690.123950419832,3.3098366819512e-14
690.923630547781,3.28241435724492e-14
691.72331067573,3.25584208446092e-14
692.522990803679,3.23036595523167e-14
693.322670931627,3.20623204289391e-14
694.122351059576,3.18367360560832e-14
694.922031187525,3.16291126402026e-14
695.721711315474,3.14415236672145e-14
696.521391443423,3.12757892120751e-14
697.321071571371,3.11335652995729e-14
698.12075169932,3.10162213475219e-14
698.920431827269,3.09248588980687e-14
699.720111955218,3.08602644059101e-14
700.519792083167,3.08229311147752e-14
701.319472211116,3.08130188048868e-14
702.119152339064,3.08303059843425e-14
702.918832467013,3.08743451194059e-14
703.718512594962,3.09442523790241e-14
704.518192722911,3.10389750660487e-14
705.31787285086,3.11570634882138e-14
706.117552978808,3.12968394335324e-14
706.917233106757,3.14564367916609e-14
707.716913234706,3.16337238816058e-14
708.516593362655,3.18264674583222e-14
709.316273490604,3.20322613645132e-14
710.115953618553,3.22486072214194e-14
710.915633746501,3.24729571839122e-14
711.71531387445,3.27026734821876e-14
712.514994002399,3.29351316512735e-14
713.314674130348,3.31677203733907e-14
714.114354258297,3.33978828209765e-14
714.914034386245,3.36230364181068e-14
715.713714514194,3.38407872229115e-14
716.513394642143,3.4048727430851e-14
717.313074770092,3.42445313805658e-14
718.112754898041,3.44260921459793e-14
718.91243502599,3.45912803638435e-14
719.712115153938,3.47381456325319e-14
720.511795281887,3.4864865607594e-14
721.311475409836,3.49696883266241e-14
722.111155537785,3.50510105777952e-14
722.910835665734,3.51073547540318e-14
723.710515793682,3.51373073049843e-14
724.510195921631,3.51396022436467e-14
725.30987604958,3.51130910473054e-14
726.109556177529,3.50567034905365e-14
726.909236305478,3.49694832860356e-14
727.708916433427,3.48505335826388e-14
728.508596561375,3.46991428699254e-14
729.308276689324,3.45145611850859e-14
730.107956817273,3.42962316731855e-14
730.907636945222,3.40436469821428e-14
731.707317073171,3.37563828541966e-14
732.50699720112,3.34341240090291e-14
733.306677329068,3.30766126340285e-14
734.106357457017,3.26836712465695e-14
734.906037584966,3.22552455435929e-14
735.705717712915,3.17913325082483e-14
736.505397840864,3.12920595917813e-14
737.305077968812,3.07575923518819e-14
738.104758096761,3.01882443294121e-14
738.90443822471,2.95844187300945e-14
739.704118352659,2.8946602865503e-14
740.503798480608,2.82754511417844e-14
741.303478608557,2.75716567647463e-14
742.103158736505,2.68360749921089e-14
742.902838864454,2.60697529227464e-14
743.702518992403,2.52738511749792e-14
744.502199120352,2.44496179940715e-14
745.301879248301,2.35986592204039e-14
746.101559376249,2.2722652427804e-14
746.901239504198,2.18235469280638e-14
747.700919632147,2.0903631829589e-14
748.500599760096,1.99654451115288e-14
749.300279888045,1.90119438389211e-14
750.099960015994,1.80466161868133e-14
750.899640143942,1.70734563327093e-14
751.699320271891,1.60972897584113e-14
752.49900039984,1.51238246397673e-14
753.298680527789,1.41600682903778e-14
754.098360655738,1.32145903551723e-14
754.898040783686,1.22980510921751e-14
755.697720911635,1.14238077269331e-14
756.497401039584,1.06085150674412e-14
757.297081167533,9.87276820783606e-15
758.096761295482,9.24112440927764e-15
758.896441423431,8.74124535384216e-15
759.696121551379,8.40105021839418e-15
760.495801679328,8.24392543236435e-15
761.295481807277,8.28308475129887e-15
762.095161935226,8.51781532592815e-15
762.894842063175,8.9340162456958e-15
763.694522191123,9.50864289824956e-15
764.494202319072,1.02153817435355e-14
765.293882447021,1.10290131755369e-14
766.09356257497,1.1927866320842e-14
766.893242702919,1.28943533903077e-14
767.692922830868,1.39148978680443e-14
768.492602958817,1.497937453043e-14
769.292283086765,1.6080454650752e-14
770.091963214714,1.72132305201311e-14
770.891643342663,1.83747330181721e-14
771.691323470612,1.95636939350871e-14
772.491003598561,2.07804126638178e-14
773.290683726509,2.2026547821134e-14
774.090363854458,2.33052547583267e-14
774.890043982407,2.4621031899096e-14
775.689724110356,2.59799151982589e-14
776.489404238305,2.73895025872032e-14
777.289084366254,2.88592076411106e-14
778.088764494202,3.04003464626727e-14
778.888444622151,3.20264532597078e-14
779.6881247501,3.37536766652649e-14
780.487804878049,3.56009798837946e-14
781.287485005998,3.75908549619164e-14
782.087165133946,3.97497232406449e-14
782.886845261895,4.21088788861871e-14
783.686525389844,4.47054543794358e-14
784.486205517793,4.75836803265592e-14
785.285885645742,5.07967242201323e-14
786.085565773691,5.44090593237819e-14
786.885245901639,5.84997321338613e-14
787.684926029588,6.31669304722239e-14
788.484606157537,6.85345992837778e-14
789.284286285486,7.47618886597939e-14
790.083966413435,8.20573543761293e-14
790.883646541383,9.07006917894814e-14
791.683326669332,1.01076991583997e-13
792.483006797281,1.13733074349556e-13
793.28268692523,1.29473852806476e-13
794.082367053179,1.49537234469057e-13
794.882047181128,1.75932769531806e-13
795.681727309076,2.1215692871314e-13
796.481407437025,2.64883913762088e-13
797.281087564974,3.48641713979078e-13
798.080767692923,5.02185165769173e-13
798.880447820872,8.75113558714586e-13
799.68012794882,3.11854648915661e-12
800.479808076769,2.09688359556899e-12
801.279488204718,7.98624368471727e-13
802.079168332667,4.98153700884541e-13
802.878848460616,3.64292874116234e-13
803.678528588565,2.88396546178687e-13
804.478208716513,2.39404939672213e-13
805.277888844462,2.05080212465233e-13
806.077568972411,1.7962625853872e-13
806.87724910036,1.59944271339152e-13
807.676929228309,1.44228367004447e-13
808.476609356258,1.31355844649562e-13
809.276289484206,1.20592970686507e-13
810.075969612155,1.11440750857877e-13
810.875649740104,1.03548747054652e-13
811.675329868053,9.66643548593388e-14
812.475009996002,9.06015584032543e-14
813.27469012395,8.52210027187256e-14
814.074370251899,8.04167527221065e-14
814.874050379848,7.61074583652105e-14
815.673730507797,7.2230092256236e-14
816.473410635746,6.87354972639191e-14
817.273090763695,6.55851615709256e-14
818.072770891643,6.27487875578564e-14
818.872451019592,6.02024246948759e-14
819.672131147541,5.79269569343868e-14
820.47181127549,5.59070041640795e-14
821.271491403439,5.41297647021888e-14
822.071171531387,5.2584396505709e-14
822.870851659336,5.12611054688998e-14
823.670531787285,5.01506926642614e-14
824.470211915234,4.92440495490669e-14
825.269892043183,4.85317947269436e-14
826.069572171132,4.80040039522039e-14
826.86925229908,4.7650156973586e-14
827.668932427029,4.74590586655756e-14
828.468612554978,4.74188874978952e-14
829.268292682927,4.7517444551553e-14
830.067972810876,4.77420869983215e-14
830.867652938824,4.80802423241824e-14
831.667333066773,4.85192818013562e-14
832.467013194722,4.90469252754718e-14
833.266693322671,4.96512542905173e-14
834.06637345062,5.0320882755152e-14
834.866053578569,5.10450489073152e-14
835.665733706517,5.18136050527748e-14
836.465413834466,5.2617140991163e-14
837.265093962415,5.34468978751667e-14
838.064774090364,5.42947961694296e-14
838.864454218313,5.51534210847007e-14
839.664134346261,5.60159647283182e-14
840.46381447421,5.68762029688153e-14
841.263494602159,5.77284921521896e-14
842.063174730108,5.8567615214615e-14
842.862854858057,5.93889528587964e-14
843.662534986006,6.01881936507614e-14
844.462215113954,6.09615205151107e-14
845.261895241903,6.17054494984445e-14
846.061575369852,6.24168677623504e-14
846.861255497801,6.30929697775057e-14
847.66093562575,6.37312797163329e-14
848.460615753699,6.43296272138641e-14
849.260295881647,6.48860585424358e-14
850.059976009596,6.53989258769837e-14
850.859656137545,6.58668516643212e-14
851.659336265494,6.62886279381376e-14
852.459016393443,6.66633568806307e-14
853.258696521391,6.6990312159251e-14
854.05837664934,6.72689571128337e-14
854.858056777289,6.74990244740753e-14
855.657736905238,6.76803865982791e-14
856.457417033187,6.78130563826724e-14
857.257097161136,6.78973072556352e-14
858.056777289084,6.79335221853925e-14
858.856457417033,6.79222253670483e-14
859.656137544982,6.78640704109547e-14
860.455817672931,6.77598803992654e-14
861.25549780088,6.76105793839356e-14
862.055177928828,6.74171803991266e-14
862.854858056777,6.71808511818226e-14
863.654538184726,6.69028605108109e-14
864.454218312675,6.65845036409498e-14
865.253898440624,6.62272403567601e-14
866.053578568573,6.58325810144364e-14
866.853258696521,6.54021695535801e-14
867.65293882447,6.49376382923073e-14
868.452618952419,6.44407538339991e-14
869.252299080368,6.3913413034012e-14
870.051979208317,6.33574857435706e-14
870.851659336265,6.27749558105513e-14
871.651339464214,6.21679517630096e-14
872.451019592163,6.1538553592756e-14
873.250699720112,6.08889468128288e-14
874.050379848061,6.02214352005005e-14
874.85005997601,5.95383445160594e-14
875.649740103958,5.88420583975347e-14
876.449420231907,5.81349797188649e-14
877.249100359856,5.74196336664555e-14
878.048780487805,5.66985223619316e-14
878.848460615754,5.59741700825466e-14
879.648140743702,5.52491716356819e-14
880.447820871651,5.45260680581596e-14
881.2475009996,5.3807455895013e-14
882.047181127549,5.30958333871345e-14
882.846861255498,5.23937241567083e-14
883.646541383447,5.17035662901275e-14
884.446221511395,5.10277013629547e-14
885.245901639344,5.03684485971444e-14
886.045581767293,4.97279459742382e-14
886.845261895242,4.91081659714358e-14
887.644942023191,4.851101685244e-14
888.44462215114,4.79381878227824e-14
889.244302279088,4.73911360054357e-14
890.043982407037,4.68711862723136e-14
890.843662534986,4.63793592855472e-14
891.643342662935,4.59164871932132e-14
892.443022790884,4.54831355237305e-14
893.242702918832,4.50795698955159e-14
894.042383046781,4.47058627343531e-14
894.84206317473,4.43617641138528e-14
895.641743302679,4.40467690754842e-14
896.441423430628,4.3760147959999e-14
897.241103558577,4.35008977204379e-14
898.040783686525,4.32677903556753e-14
898.840463814474,4.30593704391731e-14
899.640143942423,4.28739858081537e-14
900.439824070372,4.2709788542511e-14
901.239504198321,4.25648263381013e-14
902.039184326269,4.24369799974687e-14
902.838864454218,4.23239934043709e-14
903.638544582167,4.22235883260495e-14
904.438224710116,4.21333659069189e-14
905.237904838065,4.20509195069919e-14
906.037584966014,4.1973826575153e-14
906.837265093962,4.18996761223596e-14
907.636945221911,4.18260667702754e-14
908.43662534986,4.1750614734783e-14
909.236305477809,4.1671067865798e-14
910.035985605758,4.15852103903207e-14
910.835665733706,4.14909230421392e-14
911.635345861655,4.13861446749635e-14
912.435025989604,4.12689818385132e-14
913.234706117553,4.11376501308527e-14
914.034386245502,4.09905050376959e-14
914.834066373451,4.08260285598446e-14
915.633746501399,4.06428621665203e-14
916.433426629348,4.04397512222133e-14
917.233106757297,4.02156918855593e-14
918.032786885246,3.99697978786598e-14
918.832467013195,3.97013615734338e-14
919.632147141143,3.94098457211651e-14
920.431827269092,3.90949381703252e-14
921.231507397041,3.87564731911978e-14
922.03118752499,3.83944881736815e-14
922.830867652939,3.80092700434158e-14
923.630547780888,3.76013004489644e-14
924.430227908837,3.71712749053332e-14
925.229908036785,3.6720105799506e-14
926.029588164734,3.62489569525486e-14
926.829268292683,3.57592830439517e-14
927.628948420632,3.52527493315067e-14
928.428628548581,3.47312979790128e-14
929.228308676529,3.4197170072684e-14
930.027988804478,3.3652932839233e-14
930.827668932427,3.31014233256671e-14
931.627349060376,3.25457396765877e-14
932.427029188325,3.19894115569521e-14
933.226709316274,3.14362457383231e-14
934.026389444222,3.08903344944357e-14
934.826069572171,3.03561293133393e-14
935.62574970012,2.98383988823399e-14
936.425429828069,2.93421551497989e-14
937.225109956018,2.88726441172597e-14
938.024790083966,2.84352682447382e-14
938.824470211915,2.80355249744904e-14
939.624150339864,2.76789372104492e-14
940.423830467813,2.73708376448125e-14
941.223510595762,2.71163589529451e-14
942.023190723711,2.6920176164688e-14
942.822870851659,2.67864495468338e-14
943.622550979608,2.67185832327372e-14
944.422231107557,2.67191315247437e-14
945.221911235506,2.67897102821106e-14
946.021591363455,2.69308981535988e-14
946.821271491403,2.71421718655574e-14
947.620951619352,2.74219482317275e-14
948.420631747301,2.77676979202293e-14
949.22031187525,2.81758020923486e-14
950.019992003199,2.86418473448587e-14
950.819672131148,2.91607307182486e-14
951.619352259096,2.97266072037636e-14
952.419032387045,3.03331541958501e-14
953.218712514994,3.09735996158496e-14
954.018392642943,3.16407193669221e-14
954.818072770892,3.23269387071179e-14
955.61775289884,3.3024335737435e-14
956.417433026789,3.37246244931963e-14
957.217113154738,3.4419065285516e-14
958.016793282687,3.5098408000901e-14
958.816473410636,3.57528549420853e-14
959.616153538585,3.63718476480552e-14
960.415833666533,3.69439532305459e-14
961.215513794482,3.74567961004291e-14
962.015193922431,3.78967193225446e-14
962.81487405038,3.82487675061451e-14
963.614554178329,3.84966323369873e-14
964.414234306278,3.86223653015307e-14
965.213914434226,3.86066992382495e-14
966.013594562175,3.84290384793478e-14
966.813274690124,3.80680852567406e-14
967.612954818073,3.75025827697199e-14
968.412634946022,3.67124091685599e-14
969.21231507397,3.56803439699199e-14
970.011995201919,3.43940598501718e-14
970.811675329868,3.28484291762774e-14
971.611355457817,3.10481090727305e-14
972.411035585766,2.90097618754781e-14
973.210715713715,2.67637627702501e-14
974.010395841663,2.43550859906904e-14
974.810075969612,2.18437478159897e-14
975.609756097561,1.93046629783169e-14
976.40943622551,1.68289440949161e-14
977.209116353459,1.45266424054191e-14
978.008796481407,1.25313350246706e-14
978.808476609356,1.09989197413366e-14
979.608156737305,1.00800980040636e-14
980.407836865254,9.8497166353187e-15
981.207516993203,1.02427059684229e-14
982.007197121152,1.10852995571311e-14
982.8068772491,1.21897193832011e-14
983.606557377049,1.34120498451239e-14
984.406237504998,1.46589948325223e-14
985.205917632947,1.58748946329304e-14
986.005597760896,1.70283494396201e-14
986.805277888844,1.81029101987325e-14
987.604958016793,1.90911663717058e-14
988.404638144742,1.99911202521891e-14
989.204318272691,2.08040904183866e-14
990.00399840064,2.15332890488858e-14
990.803678528589,2.21829451445204e-14
991.603358656537,2.27577743469187e-14
992.403038784486,2.32626102311249e-14
993.202718912435,2.37021922795119e-14
994.002399040384,2.40809547038192e-14
994.802079168333,2.44030390111875e-14
995.601759296281,2.46720676012748e-14
996.40143942423,2.48913220795565e-14
997.201119552179,2.50634073680402e-14
998.000799680128,2.51905934160503e-14
998.800479808077,2.52744366598432e-14
999.600159936026,1.26580460887408e-14
